ID;"Regular Price";SKU;Price;Stock
5890;273.185417;PAPOLG001-adulte-860-x-700-h-700-chocolat-br350;273.185417;
5895;273.185417;PAPOLG001-adulte-860-x-700-h-700-sable;273.185417;
5901;174.190625;PAPOLGENFANT-enfant-560-x-480-h-490-bleu-cobalt-bl102;174.190625;
5902;174.190625;PAPOLGENFANT-enfant-560-x-480-h-490-bordeaux-r747;174.190625;
5903;174.190625;PAPOLGENFANT-enfant-560-x-480-h-490-chocolat-br350;174.190625;
5904;174.190625;PAPOLGENFANT-enfant-560-x-480-h-490-fuchsia-r615;174.190625;
5905;174.190625;PAPOLGENFANT-enfant-560-x-480-h-490-gris-anthracite-g932;174.190625;
5906;174.190625;PAPOLGENFANT-enfant-560-x-480-h-490-gris-sourie-g587;174.190625;
5908;174.190625;PAPOLGENFANT-enfant-560-x-480-h-490-jaune-moutarde-j713;174.190625;
5909;174.190625;PAPOLGENFANT-enfant-560-x-480-h-490-noir;174.190625;
5910;174.190625;PAPOLGENFANT-enfant-560-x-480-h-490-orange-or548;174.190625;
5911;174.190625;PAPOLGENFANT-enfant-560-x-480-h-490-rouge-r701;174.190625;
5912;174.190625;PAPOLGENFANT-enfant-560-x-480-h-490-sable;174.190625;
5913;174.190625;PAPOLGENFANT-enfant-560-x-480-h-490-taupe-g1519;174.190625;
5914;174.190625;PAPOLGENFANT-enfant-560-x-480-h-490-terre-cuite;174.190625;
5915;174.190625;PAPOLGENFANT-enfant-560-x-480-h-490-terre-cuite-vieillie;174.190625;
5917;174.190625;PAPOLGENFANT-enfant-560-x-480-h-490-vert-olive-v712;174.190625;
5918;174.190625;PAPOLGENFANT-enfant-560-x-480-h-490-vert-sapin-v414;174.190625;
5919;273.185417;PAPOLG001-adulte-860-x-700-h-700-aubergine-vl714;273.185417;
5920;273.185417;PAPOLG001-adulte-860-x-700-h-700-bleu-azur-bl314;273.185417;
5921;273.185417;PAPOLG001-adulte-860-x-700-h-700-bleu-canard-bl1984;273.185417;
5922;273.185417;PAPOLG001-adulte-860-x-700-h-700-bleu-cobalt-bl102;273.185417;
5923;273.185417;PAPOLG001-adulte-860-x-700-h-700-bordeaux-r747;273.185417;
5924;273.185417;PAPOLG001-adulte-860-x-700-h-700-fuchsia-r615;273.185417;
5925;273.185417;PAPOLG001-adulte-860-x-700-h-700-gris-anthracite-g932;273.185417;
5926;273.185417;PAPOLG001-adulte-860-x-700-h-700-gris-sourie-g587;273.185417;
5927;273.185417;PAPOLG001-adulte-860-x-700-h-700-ivoire-b715;273.185417;
5928;273.185417;PAPOLG001-adulte-860-x-700-h-700-jaune-moutarde-j713;273.185417;
5929;273.185417;PAPOLG001-adulte-860-x-700-h-700-noir;273.185417;
5930;273.185417;PAPOLG001-adulte-860-x-700-h-700-orange-or548;273.185417;
5931;273.185417;PAPOLG001-adulte-860-x-700-h-700-rouge-r701;273.185417;
5932;273.185417;PAPOLG001-adulte-860-x-700-h-700-taupe-g1519;273.185417;
5934;273.185417;PAPOLG001-adulte-860-x-700-h-700-terre-cuite-vieillie;273.185417;2
5935;273.185417;PAPOLG001-adulte-860-x-700-h-700-vert-anis-v1318;273.185417;
5936;273.185417;PAPOLG001-adulte-860-x-700-h-700-vert-olive-v712;273.185417;
5938;273.185417;PAPOLG001-adulte-860-x-700-h-700-vert-sapin-v414;273.185417;
5944;174.190625;PAPOLGENFANT-enfant-560-x-480-h-490-aubergine-vl714;174.190625;
5947;174.190625;PAPOLGENFANT-enfant-560-x-480-h-490-bleu-azur-bl314;174.190625;
5950;174.190625;PAPOLGENFANT-enfant-560-x-480-h-490-bleu-canard-bl1984;174.190625;
5954;16.632;AF00BD131625A;16.632;12
5955;26.037;AF00BD131650A;26.037;9
5956;51.7275;AF02PRVE1500C;51.7275;1
5957;2.0955;AF10CF927270G;2.0955;
5958;1.008;AF10MM272700G;1.008;
5959;0.4785;AF13CM916160G;0.4785;80
5960;0.33;AF13MM161600G;0.33;
5961;0.462;AF13MM162700G;0.462;115
5962;0.4785;AF13TM161600G;0.4785;28
5963;1.782;AF30BBI16160H;1.782;245
5964;11.6325;AF30BFI27270H;11.6325;
5965;12.87;AF30BFIP2700H;12.87;7
5966;1.4685;AF30BMM27160G;1.4685;274
5967;26.994;AF50CM72S000K;26.994;21
5968;5.3955;AF50PIP12P00C;5.3955;17
5969;3.9105;AF50VAR55ROT;3.9105;110
5970;8.4645;AF51FTAZ2700J;8.4645;9
5971;54.4335;AF702RBNR000M;54.4335;1
5972;0.5775;AF81CSB16270C;0.5775;254
5973;21.8295;AF81CSC1S000C;21.8295;1404
5974;9.966;AF81EP025000K;9.966;12
5975;2.937;AF81PU001600C;2.937;11
5976;1.221;AF81RAC02000C;1.221;131
5977;1.98;AF81RAC08000C;1.98;111
5978;42.108;AF81TAC00000B;42.108;1
5979;4.766667;BM65015.01;4.766667;216
5980;4.354167;BM65054;4.354167;475
5984;14.735417;COMPO2030002001;14.735417;29
5985;12.036;DF32000;12.036;120
5986;17.1453;DRM18358;17.1453;160
5988;48.931667;EVD146.16;48.931667;8
5989;40.48;DSV347347;40.48;655
5990;50.88;DSV349479;50.88;445
5992;52;DSV349485;52;672
5993;54.72;DSV349496;54.72;318
5994;48.64;DSV347238;48.64;102
5995;53.76;DSV347404;53.76;5
6003;50.05;VIANPFTGR25;50.05;
6015;17.43;CHAN10PLK020SOL;17.43;491
6016;8.085;VEGALIN200L;8.085;160
6019;25.1295;ANC10103920010;25.1295;
6027;;FAY000610044;8.0685;
6028;8.0685;FAY000610044-600-mm;8.0685;175
6029;;FAY020610047;20.2455;
6030;20.2455;FAY020610047-600-mm;20.2455;1
6031;17.28705;FAY001713044;17.28705;5
5984;14.735417;COMPO2030002001;14.735417;29
6053;;PAPJARDEXTENDO;505.688177;
5985;12.036;DF32000;12.036;120
6054;505.688177;PAPJARD1800-1780-x-600-h-800-mm-gris-anthracite-g932;505.688177;
5986;17.1453;DRM18358;17.1453;160
6056;;PAPMAXMIN;268.457708||454.328229;
5988;48.931667;EVD146.16;48.931667;8
6057;454.328229;PAPMAX-3-A-PM-o-1200-h-1150-aubergine-vl714;454.328229;
5989;40.48;DSV347347;40.48;655
6058;454.328229;PAPMAX-3-A-PM-o-1200-h-1150-bleu-azur-bl314;454.328229;
5990;50.88;DSV349479;50.88;445
6059;454.328229;PAPMAX-3-A-PM-o-1200-h-1150-bleu-canard-bl1984;454.328229;
5992;52;DSV349485;52;672
6060;454.328229;PAPMAX-3-A-PM-o-1200-h-1150-bleu-cobalt-bl102;454.328229;
6061;454.328229;PAPMAX-3-A-PM-o-1200-h-1150-bordeaux-r747;454.328229;
5993;54.72;DSV349496;54.72;318
6062;454.328229;PAPMAX-3-A-PM-o-1200-h-1150-chocolat-br350;454.328229;
5994;48.64;DSV347238;48.64;102
6063;454.328229;PAPMAX-3-A-PM-o-1200-h-1150-fuchsia-r615;454.328229;
5995;53.76;DSV347404;53.76;5
6064;454.328229;PAPMAX-3-A-PM-o-1200-h-1150-gris-anthracite-g932;454.328229;
6003;50.05;VIANPFTGR25;50.05;
6065;454.328229;PAPMAX-3-A-PM-o-1200-h-1150-gris-sourie-g587;454.328229;
6015;17.43;CHAN10PLK020SOL;17.43;491
6066;454.328229;PAPMAX-3-A-PM-o-1200-h-1150-ivoire-b715;454.328229;
6016;8.085;VEGALIN200L;8.085;160
6067;454.328229;PAPMAX-3-A-PM-o-1200-h-1150-jaune-moutarde-j713;454.328229;
6019;25.1295;ANC10103920010;25.1295;
6068;454.328229;PAPMAX-3-A-PM-o-1200-h-1150-noir;454.328229;
6027;;FAY000610044;8.0685;
6028;8.0685;FAY000610044-600-mm;8.0685;175
6029;;FAY020610047;20.2455;
6030;20.2455;FAY020610047-600-mm;20.2455;1
6031;17.28705;FAY001713044;17.28705;5
6053;;PAPJARDEXTENDO;505.688177;
6054;505.688177;PAPJARD1800-1780-x-600-h-800-mm-gris-anthracite-g932;505.688177;
6056;;PAPMAXMIN;268.457708||454.328229;
6028;8.0685;FAY000610044-600-mm;8.0685;175
6057;454.328229;PAPMAX-3-A-PM-o-1200-h-1150-aubergine-vl714;454.328229;
6029;;FAY020610047;20.2455;
6058;454.328229;PAPMAX-3-A-PM-o-1200-h-1150-bleu-azur-bl314;454.328229;
6030;20.2455;FAY020610047-600-mm;20.2455;1
6059;454.328229;PAPMAX-3-A-PM-o-1200-h-1150-bleu-canard-bl1984;454.328229;
6031;17.28705;FAY001713044;17.28705;5
6060;454.328229;PAPMAX-3-A-PM-o-1200-h-1150-bleu-cobalt-bl102;454.328229;
6053;;PAPJARDEXTENDO;505.688177;
6061;454.328229;PAPMAX-3-A-PM-o-1200-h-1150-bordeaux-r747;454.328229;
6054;505.688177;PAPJARD1800-1780-x-600-h-800-mm-gris-anthracite-g932;505.688177;
6062;454.328229;PAPMAX-3-A-PM-o-1200-h-1150-chocolat-br350;454.328229;
6063;454.328229;PAPMAX-3-A-PM-o-1200-h-1150-fuchsia-r615;454.328229;
6056;;PAPMAXMIN;268.457708||454.328229;
6064;454.328229;PAPMAX-3-A-PM-o-1200-h-1150-gris-anthracite-g932;454.328229;
6057;454.328229;PAPMAX-3-A-PM-o-1200-h-1150-aubergine-vl714;454.328229;
6065;454.328229;PAPMAX-3-A-PM-o-1200-h-1150-gris-sourie-g587;454.328229;
6066;454.328229;PAPMAX-3-A-PM-o-1200-h-1150-ivoire-b715;454.328229;
6058;454.328229;PAPMAX-3-A-PM-o-1200-h-1150-bleu-azur-bl314;454.328229;
6067;454.328229;PAPMAX-3-A-PM-o-1200-h-1150-jaune-moutarde-j713;454.328229;
6059;454.328229;PAPMAX-3-A-PM-o-1200-h-1150-bleu-canard-bl1984;454.328229;
6068;454.328229;PAPMAX-3-A-PM-o-1200-h-1150-noir;454.328229;
6069;454.328229;PAPMAX-3-A-PM-o-1200-h-1150-orange-or548;454.328229;
6060;454.328229;PAPMAX-3-A-PM-o-1200-h-1150-bleu-cobalt-bl102;454.328229;
6070;454.328229;PAPMAX-3-A-PM-o-1200-h-1150-rouge-r701;454.328229;
6061;454.328229;PAPMAX-3-A-PM-o-1200-h-1150-bordeaux-r747;454.328229;
6071;454.328229;PAPMAX-3-A-PM-o-1200-h-1150-sable;454.328229;
6072;454.328229;PAPMAX-3-A-PM-o-1200-h-1150-taupe-g1519;454.328229;
6062;454.328229;PAPMAX-3-A-PM-o-1200-h-1150-chocolat-br350;454.328229;
6073;454.328229;PAPMAX-3-A-PM-o-1200-h-1150-terre-cuite;454.328229;
6063;454.328229;PAPMAX-3-A-PM-o-1200-h-1150-fuchsia-r615;454.328229;
6074;454.328229;PAPMAX-3-A-PM-o-1200-h-1150-terre-cuite-vieillie;454.328229;
6075;454.328229;PAPMAX-3-A-PM-o-1200-h-1150-vert-anis-v1318;454.328229;
6064;454.328229;PAPMAX-3-A-PM-o-1200-h-1150-gris-anthracite-g932;454.328229;
6076;454.328229;PAPMAX-3-A-PM-o-1200-h-1150-vert-olive-v712;454.328229;
6065;454.328229;PAPMAX-3-A-PM-o-1200-h-1150-gris-sourie-g587;454.328229;
6077;454.328229;PAPMAX-3-A-PM-o-1200-h-1150-vert-sapin-v414;454.328229;
6078;268.457708;PAPMINIMO-R-o-800-h-730-aubergine-vl714;268.457708;
6066;454.328229;PAPMAX-3-A-PM-o-1200-h-1150-ivoire-b715;454.328229;
6079;268.457708;PAPMINIMO-R-o-800-h-730-bleu-azur-bl314;268.457708;
6080;268.457708;PAPMINIMO-R-o-800-h-730-bleu-canard-bl1984;268.457708;
6067;454.328229;PAPMAX-3-A-PM-o-1200-h-1150-jaune-moutarde-j713;454.328229;
6081;268.457708;PAPMINIMO-R-o-800-h-730-bleu-cobalt-bl102;268.457708;
6068;454.328229;PAPMAX-3-A-PM-o-1200-h-1150-noir;454.328229;
6082;268.457708;PAPMINIMO-R-o-800-h-730-bordeaux-r747;268.457708;
6083;268.457708;PAPMINIMO-R-o-800-h-730-chocolat-br350;268.457708;
6069;454.328229;PAPMAX-3-A-PM-o-1200-h-1150-orange-or548;454.328229;
6084;268.457708;PAPMINIMO-R-o-800-h-730-fuchsia-r615;268.457708;
6070;454.328229;PAPMAX-3-A-PM-o-1200-h-1150-rouge-r701;454.328229;
6071;454.328229;PAPMAX-3-A-PM-o-1200-h-1150-sable;454.328229;
6072;454.328229;PAPMAX-3-A-PM-o-1200-h-1150-taupe-g1519;454.328229;
6073;454.328229;PAPMAX-3-A-PM-o-1200-h-1150-terre-cuite;454.328229;
6074;454.328229;PAPMAX-3-A-PM-o-1200-h-1150-terre-cuite-vieillie;454.328229;
6075;454.328229;PAPMAX-3-A-PM-o-1200-h-1150-vert-anis-v1318;454.328229;
6076;454.328229;PAPMAX-3-A-PM-o-1200-h-1150-vert-olive-v712;454.328229;
6077;454.328229;PAPMAX-3-A-PM-o-1200-h-1150-vert-sapin-v414;454.328229;
6078;268.457708;PAPMINIMO-R-o-800-h-730-aubergine-vl714;268.457708;
6079;268.457708;PAPMINIMO-R-o-800-h-730-bleu-azur-bl314;268.457708;
6080;268.457708;PAPMINIMO-R-o-800-h-730-bleu-canard-bl1984;268.457708;
6081;268.457708;PAPMINIMO-R-o-800-h-730-bleu-cobalt-bl102;268.457708;
6082;268.457708;PAPMINIMO-R-o-800-h-730-bordeaux-r747;268.457708;
6083;268.457708;PAPMINIMO-R-o-800-h-730-chocolat-br350;268.457708;
6084;268.457708;PAPMINIMO-R-o-800-h-730-fuchsia-r615;268.457708;
6085;268.457708;PAPMINIMO-R-o-800-h-730-gris-anthracite-g932;268.457708;
6086;268.457708;PAPMINIMO-R-o-800-h-730-gris-sourie-g587;268.457708;
6087;268.457708;PAPMINIMO-R-o-800-h-730-ivoire-b715;268.457708;
6088;268.457708;PAPMINIMO-R-o-800-h-730-jaune-moutarde-j713;268.457708;
6089;268.457708;PAPMINIMO-R-o-800-h-730-noir;268.457708;
6090;268.457708;PAPMINIMO-R-o-800-h-730-orange-or548;268.457708;
6091;268.457708;PAPMINIMO-R-o-800-h-730-rouge-r701;268.457708;
6092;268.457708;PAPMINIMO-R-o-800-h-730-sable;268.457708;
6093;268.457708;PAPMINIMO-R-o-800-h-730-taupe-g1519;268.457708;
6094;268.457708;PAPMINIMO-R-o-800-h-730-terre-cuite;268.457708;
6095;268.457708;PAPMINIMO-R-o-800-h-730-terre-cuite-vieillie;268.457708;
6096;268.457708;PAPMINIMO-R-o-800-h-730-vert-anis-v1318;268.457708;
6097;268.457708;PAPMINIMO-R-o-800-h-730-vert-olive-v712;268.457708;
6098;268.457708;PAPMINIMO-R-o-800-h-730-vert-sapin-v414;268.457708;
6100;;PAPP-CAS;395.864583||618.122813||734.807292||814.820833;
6101;395.864583;PAPP-CAS-100-cascade-2-vasques-o-1000-h-1000-250-litres-aubergine-vl714;395.864583;
6102;395.864583;PAPP-CAS-100-cascade-2-vasques-o-1000-h-1000-250-litres-bleu-azur-bl314;395.864583;
6103;395.864583;PAPP-CAS-100-cascade-2-vasques-o-1000-h-1000-250-litres-bleu-canard-bl1984;395.864583;
6104;395.864583;PAPP-CAS-100-cascade-2-vasques-o-1000-h-1000-250-litres-bleu-cobalt-bl102;395.864583;
6105;395.864583;PAPP-CAS-100-cascade-2-vasques-o-1000-h-1000-250-litres-bordeaux-r747;395.864583;
6106;395.864583;PAPP-CAS-100-cascade-2-vasques-o-1000-h-1000-250-litres-chocolat-br350;395.864583;
6107;395.864583;PAPP-CAS-100-cascade-2-vasques-o-1000-h-1000-250-litres-fuchsia-r615;395.864583;
6108;395.864583;PAPP-CAS-100-cascade-2-vasques-o-1000-h-1000-250-litres-gris-anthracite-g932;395.864583;
6109;395.864583;PAPP-CAS-100-cascade-2-vasques-o-1000-h-1000-250-litres-gris-sourie-g587;395.864583;
6110;395.864583;PAPP-CAS-100-cascade-2-vasques-o-1000-h-1000-250-litres-ivoire-b715;395.864583;
6111;395.864583;PAPP-CAS-100-cascade-2-vasques-o-1000-h-1000-250-litres-jaune-moutarde-j713;395.864583;
6112;395.864583;PAPP-CAS-100-cascade-2-vasques-o-1000-h-1000-250-litres-noir;395.864583;
6113;395.864583;PAPP-CAS-100-cascade-2-vasques-o-1000-h-1000-250-litres-orange-or548;395.864583;
6114;395.864583;PAPP-CAS-100-cascade-2-vasques-o-1000-h-1000-250-litres-rouge-r701;395.864583;
6115;395.864583;PAPP-CAS-100-cascade-2-vasques-o-1000-h-1000-250-litres-sable;395.864583;
6116;395.864583;PAPP-CAS-100-cascade-2-vasques-o-1000-h-1000-250-litres-taupe-g1519;395.864583;
6117;395.864583;PAPP-CAS-100-cascade-2-vasques-o-1000-h-1000-250-litres-terre-cuite;395.864583;
6118;395.864583;PAPP-CAS-100-cascade-2-vasques-o-1000-h-1000-250-litres-terre-cuite-vieillie;395.864583;
6119;395.864583;PAPP-CAS-100-cascade-2-vasques-o-1000-h-1000-250-litres-vert-anis-v1318;395.864583;
6120;395.864583;PAPP-CAS-100-cascade-2-vasques-o-1000-h-1000-250-litres-vert-olive-v712;395.864583;
6121;395.864583;PAPP-CAS-100-cascade-2-vasques-o-1000-h-1000-250-litres-vert-sapin-v414;395.864583;
6122;618.122813;PAPP-CAS-114-cascade-2-vasques-o-1300-h-1140-490-litres-aubergine-vl714;618.122813;
6123;618.122813;PAPP-CAS-114-cascade-2-vasques-o-1300-h-1140-490-litres-bleu-azur-bl314;618.122813;
6124;618.122813;PAPP-CAS-114-cascade-2-vasques-o-1300-h-1140-490-litres-bleu-canard-bl1984;618.122813;
6125;618.122813;PAPP-CAS-114-cascade-2-vasques-o-1300-h-1140-490-litres-bleu-cobalt-bl102;618.122813;
6126;618.122813;PAPP-CAS-114-cascade-2-vasques-o-1300-h-1140-490-litres-bordeaux-r747;618.122813;
6127;618.122813;PAPP-CAS-114-cascade-2-vasques-o-1300-h-1140-490-litres-chocolat-br350;618.122813;
6128;618.122813;PAPP-CAS-114-cascade-2-vasques-o-1300-h-1140-490-litres-fuchsia-r615;618.122813;
6129;618.122813;PAPP-CAS-114-cascade-2-vasques-o-1300-h-1140-490-litres-gris-anthracite-g932;618.122813;
6130;618.122813;PAPP-CAS-114-cascade-2-vasques-o-1300-h-1140-490-litres-gris-sourie-g587;618.122813;
6131;618.122813;PAPP-CAS-114-cascade-2-vasques-o-1300-h-1140-490-litres-ivoire-b715;618.122813;
6132;618.122813;PAPP-CAS-114-cascade-2-vasques-o-1300-h-1140-490-litres-jaune-moutarde-j713;618.122813;
6133;618.122813;PAPP-CAS-114-cascade-2-vasques-o-1300-h-1140-490-litres-noir;618.122813;
6134;618.122813;PAPP-CAS-114-cascade-2-vasques-o-1300-h-1140-490-litres-orange-or548;618.122813;
6135;618.122813;PAPP-CAS-114-cascade-2-vasques-o-1300-h-1140-490-litres-rouge-r701;618.122813;
6136;618.122813;PAPP-CAS-114-cascade-2-vasques-o-1300-h-1140-490-litres-sable;618.122813;
6137;618.122813;PAPP-CAS-114-cascade-2-vasques-o-1300-h-1140-490-litres-taupe-g1519;618.122813;
6138;618.122813;PAPP-CAS-114-cascade-2-vasques-o-1300-h-1140-490-litres-terre-cuite;618.122813;
6139;618.122813;PAPP-CAS-114-cascade-2-vasques-o-1300-h-1140-490-litres-terre-cuite-vieillie;618.122813;
6140;618.122813;PAPP-CAS-114-cascade-2-vasques-o-1300-h-1140-490-litres-vert-anis-v1318;618.122813;
6141;618.122813;PAPP-CAS-114-cascade-2-vasques-o-1300-h-1140-490-litres-vert-olive-v712;618.122813;
6142;618.122813;PAPP-CAS-114-cascade-2-vasques-o-1300-h-1140-490-litres-vert-sapin-v414;618.122813;
6143;734.807292;PAPP-CAS-173-cascade-3-vasques-o-1300-h-1730-570-litres-aubergine-vl714;734.807292;
6144;734.807292;PAPP-CAS-173-cascade-3-vasques-o-1300-h-1730-570-litres-bleu-azur-bl314;734.807292;
6145;734.807292;PAPP-CAS-173-cascade-3-vasques-o-1300-h-1730-570-litres-bleu-canard-bl1984;734.807292;
6146;734.807292;PAPP-CAS-173-cascade-3-vasques-o-1300-h-1730-570-litres-bleu-cobalt-bl102;734.807292;
6147;734.807292;PAPP-CAS-173-cascade-3-vasques-o-1300-h-1730-570-litres-bordeaux-r747;734.807292;
6148;734.807292;PAPP-CAS-173-cascade-3-vasques-o-1300-h-1730-570-litres-chocolat-br350;734.807292;
6149;734.807292;PAPP-CAS-173-cascade-3-vasques-o-1300-h-1730-570-litres-fuchsia-r615;734.807292;
6150;734.807292;PAPP-CAS-173-cascade-3-vasques-o-1300-h-1730-570-litres-gris-anthracite-g932;734.807292;
6151;734.807292;PAPP-CAS-173-cascade-3-vasques-o-1300-h-1730-570-litres-gris-sourie-g587;734.807292;
6152;734.807292;PAPP-CAS-173-cascade-3-vasques-o-1300-h-1730-570-litres-ivoire-b715;734.807292;
6153;734.807292;PAPP-CAS-173-cascade-3-vasques-o-1300-h-1730-570-litres-jaune-moutarde-j713;734.807292;
6154;734.807292;PAPP-CAS-173-cascade-3-vasques-o-1300-h-1730-570-litres-noir;734.807292;
6155;734.807292;PAPP-CAS-173-cascade-3-vasques-o-1300-h-1730-570-litres-orange-or548;734.807292;
6156;734.807292;PAPP-CAS-173-cascade-3-vasques-o-1300-h-1730-570-litres-rouge-r701;734.807292;
6157;734.807292;PAPP-CAS-173-cascade-3-vasques-o-1300-h-1730-570-litres-sable;734.807292;
6158;734.807292;PAPP-CAS-173-cascade-3-vasques-o-1300-h-1730-570-litres-taupe-g1519;734.807292;
6159;734.807292;PAPP-CAS-173-cascade-3-vasques-o-1300-h-1730-570-litres-terre-cuite;734.807292;
6160;734.807292;PAPP-CAS-173-cascade-3-vasques-o-1300-h-1730-570-litres-terre-cuite-vieillie;734.807292;
6161;734.807292;PAPP-CAS-173-cascade-3-vasques-o-1300-h-1730-570-litres-vert-anis-v1318;734.807292;
6162;734.807292;PAPP-CAS-173-cascade-3-vasques-o-1300-h-1730-570-litres-vert-olive-v712;734.807292;
6163;734.807292;PAPP-CAS-173-cascade-3-vasques-o-1300-h-1730-570-litres-vert-sapin-v414;734.807292;
6164;814.820833;PAPP-CAS-220-cascade-4-vasques-o-1300-h-2200-600-litres-aubergine-vl714;814.820833;
6165;814.820833;PAPP-CAS-220-cascade-4-vasques-o-1300-h-2200-600-litres-bleu-azur-bl314;814.820833;
6166;814.820833;PAPP-CAS-220-cascade-4-vasques-o-1300-h-2200-600-litres-bleu-canard-bl1984;814.820833;
6167;814.820833;PAPP-CAS-220-cascade-4-vasques-o-1300-h-2200-600-litres-bleu-cobalt-bl102;814.820833;
6168;814.820833;PAPP-CAS-220-cascade-4-vasques-o-1300-h-2200-600-litres-bordeaux-r747;814.820833;
6169;814.820833;PAPP-CAS-220-cascade-4-vasques-o-1300-h-2200-600-litres-chocolat-br350;814.820833;
6170;814.820833;PAPP-CAS-220-cascade-4-vasques-o-1300-h-2200-600-litres-fuchsia-r615;814.820833;
6171;814.820833;PAPP-CAS-220-cascade-4-vasques-o-1300-h-2200-600-litres-gris-anthracite-g932;814.820833;
6172;814.820833;PAPP-CAS-220-cascade-4-vasques-o-1300-h-2200-600-litres-gris-sourie-g587;814.820833;
6173;814.820833;PAPP-CAS-220-cascade-4-vasques-o-1300-h-2200-600-litres-ivoire-b715;814.820833;
6174;814.820833;PAPP-CAS-220-cascade-4-vasques-o-1300-h-2200-600-litres-jaune-moutarde-j713;814.820833;
6175;814.820833;PAPP-CAS-220-cascade-4-vasques-o-1300-h-2200-600-litres-noir;814.820833;
6176;814.820833;PAPP-CAS-220-cascade-4-vasques-o-1300-h-2200-600-litres-orange-or548;814.820833;
6177;814.820833;PAPP-CAS-220-cascade-4-vasques-o-1300-h-2200-600-litres-rouge-r701;814.820833;
6178;814.820833;PAPP-CAS-220-cascade-4-vasques-o-1300-h-2200-600-litres-sable;814.820833;
6179;814.820833;PAPP-CAS-220-cascade-4-vasques-o-1300-h-2200-600-litres-taupe-g1519;814.820833;
6180;814.820833;PAPP-CAS-220-cascade-4-vasques-o-1300-h-2200-600-litres-terre-cuite;814.820833;
6181;814.820833;PAPP-CAS-220-cascade-4-vasques-o-1300-h-2200-600-litres-terre-cuite-vieillie;814.820833;
6182;814.820833;PAPP-CAS-220-cascade-4-vasques-o-1300-h-2200-600-litres-vert-anis-v1318;814.820833;
6183;814.820833;PAPP-CAS-220-cascade-4-vasques-o-1300-h-2200-600-litres-vert-olive-v712;814.820833;
6184;814.820833;PAPP-CAS-220-cascade-4-vasques-o-1300-h-2200-600-litres-vert-sapin-v414;814.820833;
6185;;PAPPCD;209.616927||356.812344||491.783802||660.514583;
6186;491.783802;PAPPCD1030-1030-x-h-1200-aubergine-vl714;491.783802;
6187;491.783802;PAPPCD1030-1030-x-h-1200-bleu-azur-bl314;491.783802;
6188;491.783802;PAPPCD1030-1030-x-h-1200-bleu-canard-bl1984;491.783802;
6189;491.783802;PAPPCD1030-1030-x-h-1200-bleu-cobalt-bl102;491.783802;
6190;491.783802;PAPPCD1030-1030-x-h-1200-bordeaux-r747;491.783802;
6191;491.783802;PAPPCD1030-1030-x-h-1200-chocolat-br350;491.783802;
6192;491.783802;PAPPCD1030-1030-x-h-1200-fuchsia-r615;491.783802;
6193;491.783802;PAPPCD1030-1030-x-h-1200-gris-anthracite-g932;491.783802;
6194;491.783802;PAPPCD1030-1030-x-h-1200-gris-sourie-g587;491.783802;
6195;491.783802;PAPPCD1030-1030-x-h-1200-ivoire-b715;491.783802;
6196;491.783802;PAPPCD1030-1030-x-h-1200-jaune-moutarde-j713;491.783802;
6197;491.783802;PAPPCD1030-1030-x-h-1200-noir;491.783802;
6198;491.783802;PAPPCD1030-1030-x-h-1200-orange-or548;491.783802;
6199;491.783802;PAPPCD1030-1030-x-h-1200-rouge-r701;491.783802;
6200;491.783802;PAPPCD1030-1030-x-h-1200-sable;491.783802;
6201;491.783802;PAPPCD1030-1030-x-h-1200-taupe-g1519;491.783802;
6202;491.783802;PAPPCD1030-1030-x-h-1200-terre-cuite;491.783802;
6203;491.783802;PAPPCD1030-1030-x-h-1200-terre-cuite-vieillie;491.783802;
6204;491.783802;PAPPCD1030-1030-x-h-1200-vert-anis-v1318;491.783802;
6205;491.783802;PAPPCD1030-1030-x-h-1200-vert-olive-v712;491.783802;
6206;491.783802;PAPPCD1030-1030-x-h-1200-vert-sapin-v414;491.783802;
6207;660.514583;PAPPCD1230-1270-x-h-1400-aubergine-vl714;660.514583;
6208;660.514583;PAPPCD1230-1270-x-h-1400-bleu-azur-bl314;660.514583;
6209;660.514583;PAPPCD1230-1270-x-h-1400-bleu-canard-bl1984;660.514583;
6210;660.514583;PAPPCD1230-1270-x-h-1400-bleu-cobalt-bl102;660.514583;
6211;660.514583;PAPPCD1230-1270-x-h-1400-bordeaux-r747;660.514583;
6212;660.514583;PAPPCD1230-1270-x-h-1400-chocolat-br350;660.514583;
6213;660.514583;PAPPCD1230-1270-x-h-1400-fuchsia-r615;660.514583;
6214;660.514583;PAPPCD1230-1270-x-h-1400-gris-anthracite-g932;660.514583;
6215;660.514583;PAPPCD1230-1270-x-h-1400-gris-sourie-g587;660.514583;
6216;660.514583;PAPPCD1230-1270-x-h-1400-ivoire-b715;660.514583;
6217;660.514583;PAPPCD1230-1270-x-h-1400-jaune-moutarde-j713;660.514583;
6218;660.514583;PAPPCD1230-1270-x-h-1400-noir;660.514583;
6219;660.514583;PAPPCD1230-1270-x-h-1400-orange-or548;660.514583;
6220;660.514583;PAPPCD1230-1270-x-h-1400-rouge-r701;660.514583;
6221;660.514583;PAPPCD1230-1270-x-h-1400-sable;660.514583;
6222;660.514583;PAPPCD1230-1270-x-h-1400-taupe-g1519;660.514583;
6223;660.514583;PAPPCD1230-1270-x-h-1400-terre-cuite;660.514583;
6224;660.514583;PAPPCD1230-1270-x-h-1400-terre-cuite-vieillie;660.514583;
6225;660.514583;PAPPCD1230-1270-x-h-1400-vert-anis-v1318;660.514583;
6226;660.514583;PAPPCD1230-1270-x-h-1400-vert-olive-v712;660.514583;
6227;660.514583;PAPPCD1230-1270-x-h-1400-vert-sapin-v414;660.514583;
6228;209.616927;PAPPCD630-630-x-h-735-aubergine-vl714;209.616927;
6229;209.616927;PAPPCD630-630-x-h-735-bleu-azur-bl314;209.616927;
6230;209.616927;PAPPCD630-630-x-h-735-bleu-canard-bl1984;209.616927;
6231;209.616927;PAPPCD630-630-x-h-735-bleu-cobalt-bl102;209.616927;
6232;209.616927;PAPPCD630-630-x-h-735-bordeaux-r747;209.616927;
6233;209.616927;PAPPCD630-630-x-h-735-chocolat-br350;209.616927;
6234;209.616927;PAPPCD630-630-x-h-735-fuchsia-r615;209.616927;
6235;209.616927;PAPPCD630-630-x-h-735-gris-anthracite-g932;209.616927;
6236;209.616927;PAPPCD630-630-x-h-735-gris-sourie-g587;209.616927;
6237;209.616927;PAPPCD630-630-x-h-735-ivoire-b715;209.616927;
6238;209.616927;PAPPCD630-630-x-h-735-jaune-moutarde-j713;209.616927;
6239;209.616927;PAPPCD630-630-x-h-735-noir;209.616927;
6240;209.616927;PAPPCD630-630-x-h-735-orange-or548;209.616927;
6241;209.616927;PAPPCD630-630-x-h-735-rouge-r701;209.616927;
6242;209.616927;PAPPCD630-630-x-h-735-sable;209.616927;
6243;209.616927;PAPPCD630-630-x-h-735-taupe-g1519;209.616927;
6244;209.616927;PAPPCD630-630-x-h-735-terre-cuite;209.616927;
6245;209.616927;PAPPCD630-630-x-h-735-terre-cuite-vieillie;209.616927;
6246;209.616927;PAPPCD630-630-x-h-735-vert-anis-v1318;209.616927;
6247;209.616927;PAPPCD630-630-x-h-735-vert-olive-v712;209.616927;
6248;209.616927;PAPPCD630-630-x-h-735-vert-sapin-v414;209.616927;
6249;356.812344;PAPPCD830-840-x-h-966-aubergine-vl714;356.812344;
6250;356.812344;PAPPCD830-840-x-h-966-bleu-azur-bl314;356.812344;
6251;356.812344;PAPPCD830-840-x-h-966-bleu-canard-bl1984;356.812344;
6252;356.812344;PAPPCD830-840-x-h-966-bleu-cobalt-bl102;356.812344;
6253;356.812344;PAPPCD830-840-x-h-966-bordeaux-r747;356.812344;
6254;356.812344;PAPPCD830-840-x-h-966-chocolat-br350;356.812344;
6255;356.812344;PAPPCD830-840-x-h-966-fuchsia-r615;356.812344;
6256;356.812344;PAPPCD830-840-x-h-966-gris-anthracite-g932;356.812344;
6257;356.812344;PAPPCD830-840-x-h-966-gris-sourie-g587;356.812344;
6258;356.812344;PAPPCD830-840-x-h-966-ivoire-b715;356.812344;
6259;356.812344;PAPPCD830-840-x-h-966-jaune-moutarde-j713;356.812344;
6260;356.812344;PAPPCD830-840-x-h-966-noir;356.812344;
6261;356.812344;PAPPCD830-840-x-h-966-orange-or548;356.812344;
6262;356.812344;PAPPCD830-840-x-h-966-rouge-r701;356.812344;
6263;356.812344;PAPPCD830-840-x-h-966-sable;356.812344;
6264;356.812344;PAPPCD830-840-x-h-966-taupe-g1519;356.812344;
6265;356.812344;PAPPCD830-840-x-h-966-terre-cuite;356.812344;
6266;356.812344;PAPPCD830-840-x-h-966-terre-cuite-vieillie;356.812344;
6267;356.812344;PAPPCD830-840-x-h-966-vert-anis-v1318;356.812344;
6268;356.812344;PAPPCD830-840-x-h-966-vert-olive-v712;356.812344;
6269;356.812344;PAPPCD830-840-x-h-966-vert-sapin-v414;356.812344;
6270;;PAP-PCD-CORTEN;501.504167||750.711458||954.895833||1293.6875;
6271;954.895833;PAP-PCD-1030-CORTEN-1030-x-h-1200;954.895833;
6272;1293.6875;PAP-PCD-1230-CORTEN-1270-x-h-1400;1293.6875;
6273;501.504167;PAP-PCD-630-CORTEN-630-x-h-735;501.504167;
6274;750.711458;PAP-PCD-830-CORTEN-840-x-h-966;750.711458;
6275;;PAPPDCA;178.544219||233.459948||276.955781;
6276;178.544219;PAPPDCA400B-405-x-405-h-805-aubergine-vl714;178.544219;
6277;178.544219;PAPPDCA400B-405-x-405-h-805-bleu-azur-bl314;178.544219;
6278;178.544219;PAPPDCA400B-405-x-405-h-805-bleu-canard-bl1984;178.544219;
6279;178.544219;PAPPDCA400B-405-x-405-h-805-bleu-cobalt-bl102;178.544219;
6280;178.544219;PAPPDCA400B-405-x-405-h-805-bordeaux-r747;178.544219;
6281;178.544219;PAPPDCA400B-405-x-405-h-805-chocolat-br350;178.544219;
6282;178.544219;PAPPDCA400B-405-x-405-h-805-fuchsia-r615;178.544219;
6283;178.544219;PAPPDCA400B-405-x-405-h-805-gris-anthracite-g932;178.544219;
6284;178.544219;PAPPDCA400B-405-x-405-h-805-gris-sourie-g587;178.544219;
6285;178.544219;PAPPDCA400B-405-x-405-h-805-ivoire-b715;178.544219;
6286;178.544219;PAPPDCA400B-405-x-405-h-805-jaune-moutarde-j713;178.544219;
6287;178.544219;PAPPDCA400B-405-x-405-h-805-noir;178.544219;
6288;178.544219;PAPPDCA400B-405-x-405-h-805-orange-or548;178.544219;
6289;178.544219;PAPPDCA400B-405-x-405-h-805-rouge-r701;178.544219;
6290;178.544219;PAPPDCA400B-405-x-405-h-805-sable;178.544219;
6291;178.544219;PAPPDCA400B-405-x-405-h-805-taupe-g1519;178.544219;
6292;178.544219;PAPPDCA400B-405-x-405-h-805-terre-cuite;178.544219;
6293;178.544219;PAPPDCA400B-405-x-405-h-805-terre-cuite-vieillie;178.544219;
6294;178.544219;PAPPDCA400B-405-x-405-h-805-vert-anis-v1318;178.544219;
6295;178.544219;PAPPDCA400B-405-x-405-h-805-vert-olive-v712;178.544219;
6296;178.544219;PAPPDCA400B-405-x-405-h-805-vert-sapin-v414;178.544219;
6297;233.459948;PAPPDCA500B-510-x-510-h-1010-aubergine-vl714;233.459948;
6298;233.459948;PAPPDCA500B-510-x-510-h-1010-bleu-azur-bl314;233.459948;
6299;233.459948;PAPPDCA500B-510-x-510-h-1010-bleu-canard-bl1984;233.459948;
6300;233.459948;PAPPDCA500B-510-x-510-h-1010-bleu-cobalt-bl102;233.459948;
6301;233.459948;PAPPDCA500B-510-x-510-h-1010-bordeaux-r747;233.459948;
6302;233.459948;PAPPDCA500B-510-x-510-h-1010-chocolat-br350;233.459948;
6303;233.459948;PAPPDCA500B-510-x-510-h-1010-fuchsia-r615;233.459948;
6304;233.459948;PAPPDCA500B-510-x-510-h-1010-gris-anthracite-g932;233.459948;
6305;233.459948;PAPPDCA500B-510-x-510-h-1010-gris-sourie-g587;233.459948;
6306;233.459948;PAPPDCA500B-510-x-510-h-1010-ivoire-b715;233.459948;
6307;233.459948;PAPPDCA500B-510-x-510-h-1010-jaune-moutarde-j713;233.459948;
6308;233.459948;PAPPDCA500B-510-x-510-h-1010-noir;233.459948;
6309;233.459948;PAPPDCA500B-510-x-510-h-1010-orange-or548;233.459948;
6310;233.459948;PAPPDCA500B-510-x-510-h-1010-rouge-r701;233.459948;
6311;233.459948;PAPPDCA500B-510-x-510-h-1010-sable;233.459948;
6312;233.459948;PAPPDCA500B-510-x-510-h-1010-taupe-g1519;233.459948;
6313;233.459948;PAPPDCA500B-510-x-510-h-1010-terre-cuite;233.459948;
6314;233.459948;PAPPDCA500B-510-x-510-h-1010-terre-cuite-vieillie;233.459948;
6315;233.459948;PAPPDCA500B-510-x-510-h-1010-vert-anis-v1318;233.459948;
6316;233.459948;PAPPDCA500B-510-x-510-h-1010-vert-olive-v712;233.459948;
6317;233.459948;PAPPDCA500B-510-x-510-h-1010-vert-sapin-v414;233.459948;
6318;276.955781;PAPPDCA600B-600-x-600-h-1190-aubergine-vl714;276.955781;
6319;276.955781;PAPPDCA600B-600-x-600-h-1190-bleu-azur-bl314;276.955781;
6320;276.955781;PAPPDCA600B-600-x-600-h-1190-bleu-canard-bl1984;276.955781;
6321;276.955781;PAPPDCA600B-600-x-600-h-1190-bleu-cobalt-bl102;276.955781;
6322;276.955781;PAPPDCA600B-600-x-600-h-1190-bordeaux-r747;276.955781;
6323;276.955781;PAPPDCA600B-600-x-600-h-1190-chocolat-br350;276.955781;
6324;276.955781;PAPPDCA600B-600-x-600-h-1190-fuchsia-r615;276.955781;
6325;276.955781;PAPPDCA600B-600-x-600-h-1190-gris-anthracite-g932;276.955781;
6326;276.955781;PAPPDCA600B-600-x-600-h-1190-gris-sourie-g587;276.955781;
6327;276.955781;PAPPDCA600B-600-x-600-h-1190-ivoire-b715;276.955781;
6328;276.955781;PAPPDCA600B-600-x-600-h-1190-jaune-moutarde-j713;276.955781;
6329;276.955781;PAPPDCA600B-600-x-600-h-1190-noir;276.955781;
6330;276.955781;PAPPDCA600B-600-x-600-h-1190-orange-or548;276.955781;
6331;276.955781;PAPPDCA600B-600-x-600-h-1190-rouge-r701;276.955781;
6332;276.955781;PAPPDCA600B-600-x-600-h-1190-sable;276.955781;
6333;276.955781;PAPPDCA600B-600-x-600-h-1190-taupe-g1519;276.955781;
6334;276.955781;PAPPDCA600B-600-x-600-h-1190-terre-cuite;276.955781;
6335;276.955781;PAPPDCA600B-600-x-600-h-1190-terre-cuite-vieillie;276.955781;
6336;276.955781;PAPPDCA600B-600-x-600-h-1190-vert-anis-v1318;276.955781;
6337;276.955781;PAPPDCA600B-600-x-600-h-1190-vert-olive-v712;276.955781;
6338;276.955781;PAPPDCA600B-600-x-600-h-1190-vert-sapin-v414;276.955781;
6339;;PAPPDRD;168.616146||209.609479||258.29875;
6340;168.616146;PAPPDRD400B-o-400-h-805-aubergine-vl714;168.616146;
6341;168.616146;PAPPDRD400B-o-400-h-805-bleu-azur-bl314;168.616146;
6342;168.616146;PAPPDRD400B-o-400-h-805-bleu-canard-bl1984;168.616146;
6343;168.616146;PAPPDRD400B-o-400-h-805-bleu-cobalt-bl102;168.616146;
6344;168.616146;PAPPDRD400B-o-400-h-805-bordeaux-r747;168.616146;
6345;168.616146;PAPPDRD400B-o-400-h-805-chocolat-br350;168.616146;
6346;168.616146;PAPPDRD400B-o-400-h-805-fuchsia-r615;168.616146;
6347;168.616146;PAPPDRD400B-o-400-h-805-gris-anthracite-g932;168.616146;
6348;168.616146;PAPPDRD400B-o-400-h-805-gris-sourie-g587;168.616146;
6349;168.616146;PAPPDRD400B-o-400-h-805-ivoire-b715;168.616146;
6350;168.616146;PAPPDRD400B-o-400-h-805-jaune-moutarde-j713;168.616146;
6351;168.616146;PAPPDRD400B-o-400-h-805-noir;168.616146;
6352;168.616146;PAPPDRD400B-o-400-h-805-orange-or548;168.616146;
6353;168.616146;PAPPDRD400B-o-400-h-805-rouge-r701;168.616146;
6354;168.616146;PAPPDRD400B-o-400-h-805-sable;168.616146;
6355;168.616146;PAPPDRD400B-o-400-h-805-taupe-g1519;168.616146;
6356;168.616146;PAPPDRD400B-o-400-h-805-terre-cuite;168.616146;
6357;168.616146;PAPPDRD400B-o-400-h-805-terre-cuite-vieillie;168.616146;
6358;168.616146;PAPPDRD400B-o-400-h-805-vert-anis-v1318;168.616146;
6359;168.616146;PAPPDRD400B-o-400-h-805-vert-olive-v712;168.616146;
6360;168.616146;PAPPDRD400B-o-400-h-805-vert-sapin-v414;168.616146;
6361;209.609479;PAPPDRD500B-o-500-h-1000-aubergine-vl714;209.609479;
6362;209.609479;PAPPDRD500B-o-500-h-1000-bleu-azur-bl314;209.609479;
6363;209.609479;PAPPDRD500B-o-500-h-1000-bleu-canard-bl1984;209.609479;
6364;209.609479;PAPPDRD500B-o-500-h-1000-bleu-cobalt-bl102;209.609479;
6365;209.609479;PAPPDRD500B-o-500-h-1000-bordeaux-r747;209.609479;
6366;209.609479;PAPPDRD500B-o-500-h-1000-chocolat-br350;209.609479;
6367;209.609479;PAPPDRD500B-o-500-h-1000-fuchsia-r615;209.609479;
6368;209.609479;PAPPDRD500B-o-500-h-1000-gris-anthracite-g932;209.609479;
6369;209.609479;PAPPDRD500B-o-500-h-1000-gris-sourie-g587;209.609479;
6370;209.609479;PAPPDRD500B-o-500-h-1000-ivoire-b715;209.609479;
6371;209.609479;PAPPDRD500B-o-500-h-1000-jaune-moutarde-j713;209.609479;
6372;209.609479;PAPPDRD500B-o-500-h-1000-noir;209.609479;
6373;209.609479;PAPPDRD500B-o-500-h-1000-orange-or548;209.609479;
6374;209.609479;PAPPDRD500B-o-500-h-1000-rouge-r701;209.609479;
6375;209.609479;PAPPDRD500B-o-500-h-1000-sable;209.609479;
6376;209.609479;PAPPDRD500B-o-500-h-1000-taupe-g1519;209.609479;
6377;209.609479;PAPPDRD500B-o-500-h-1000-terre-cuite;209.609479;
6378;209.609479;PAPPDRD500B-o-500-h-1000-terre-cuite-vieillie;209.609479;
6379;209.609479;PAPPDRD500B-o-500-h-1000-vert-anis-v1318;209.609479;
6380;209.609479;PAPPDRD500B-o-500-h-1000-vert-olive-v712;209.609479;
6381;209.609479;PAPPDRD500B-o-500-h-1000-vert-sapin-v414;209.609479;
6382;258.29875;PAPPDRD600B-o-610-h-1190-aubergine-vl714;258.29875;
6383;258.29875;PAPPDRD600B-o-610-h-1190-bleu-azur-bl314;258.29875;
6384;258.29875;PAPPDRD600B-o-610-h-1190-bleu-canard-bl1984;258.29875;
6385;258.29875;PAPPDRD600B-o-610-h-1190-bleu-cobalt-bl102;258.29875;
6386;258.29875;PAPPDRD600B-o-610-h-1190-bordeaux-r747;258.29875;
6387;258.29875;PAPPDRD600B-o-610-h-1190-chocolat-br350;258.29875;
6388;258.29875;PAPPDRD600B-o-610-h-1190-fuchsia-r615;258.29875;
6389;258.29875;PAPPDRD600B-o-610-h-1190-gris-anthracite-g932;258.29875;
6390;258.29875;PAPPDRD600B-o-610-h-1190-gris-sourie-g587;258.29875;
6391;258.29875;PAPPDRD600B-o-610-h-1190-ivoire-b715;258.29875;
6392;258.29875;PAPPDRD600B-o-610-h-1190-jaune-moutarde-j713;258.29875;
6393;258.29875;PAPPDRD600B-o-610-h-1190-noir;258.29875;
6394;258.29875;PAPPDRD600B-o-610-h-1190-orange-or548;258.29875;
6395;258.29875;PAPPDRD600B-o-610-h-1190-rouge-r701;258.29875;
6396;258.29875;PAPPDRD600B-o-610-h-1190-sable;258.29875;
6397;258.29875;PAPPDRD600B-o-610-h-1190-taupe-g1519;258.29875;
6398;258.29875;PAPPDRD600B-o-610-h-1190-terre-cuite;258.29875;
6399;258.29875;PAPPDRD600B-o-610-h-1190-terre-cuite-vieillie;258.29875;
6400;258.29875;PAPPDRD600B-o-610-h-1190-vert-anis-v1318;258.29875;
6401;258.29875;PAPPDRD600B-o-610-h-1190-vert-olive-v712;258.29875;
6402;258.29875;PAPPDRD600B-o-610-h-1190-vert-sapin-v414;258.29875;
6403;;PAPPRD;188.777656||209.616927||337.820156||457.07099||626.828542||795.708281;
6404;337.820156;PAPPRD1000-o-1000-h-1000-aubergine-vl714;337.820156;
6405;337.820156;PAPPRD1000-o-1000-h-1000-bleu-azur-bl314;337.820156;
6406;337.820156;PAPPRD1000-o-1000-h-1000-bleu-canard-bl1984;337.820156;
6407;337.820156;PAPPRD1000-o-1000-h-1000-bleu-cobalt-bl102;337.820156;
6408;337.820156;PAPPRD1000-o-1000-h-1000-bordeaux-r747;337.820156;
6409;337.820156;PAPPRD1000-o-1000-h-1000-chocolat-br350;337.820156;
6410;337.820156;PAPPRD1000-o-1000-h-1000-fuchsia-r615;337.820156;
6411;337.820156;PAPPRD1000-o-1000-h-1000-gris-anthracite-g932;337.820156;
6412;337.820156;PAPPRD1000-o-1000-h-1000-gris-sourie-g587;337.820156;
6413;337.820156;PAPPRD1000-o-1000-h-1000-ivoire-b715;337.820156;
6414;337.820156;PAPPRD1000-o-1000-h-1000-jaune-moutarde-j713;337.820156;
6415;337.820156;PAPPRD1000-o-1000-h-1000-noir;337.820156;
6416;337.820156;PAPPRD1000-o-1000-h-1000-orange-or548;337.820156;
6417;337.820156;PAPPRD1000-o-1000-h-1000-rouge-r701;337.820156;
6418;337.820156;PAPPRD1000-o-1000-h-1000-sable;337.820156;
6419;337.820156;PAPPRD1000-o-1000-h-1000-taupe-g1519;337.820156;
6420;337.820156;PAPPRD1000-o-1000-h-1000-terre-cuite;337.820156;
6421;337.820156;PAPPRD1000-o-1000-h-1000-terre-cuite-vieillie;337.820156;
6422;337.820156;PAPPRD1000-o-1000-h-1000-vert-anis-v1318;337.820156;
6423;337.820156;PAPPRD1000-o-1000-h-1000-vert-olive-v712;337.820156;
6424;337.820156;PAPPRD1000-o-1000-h-1000-vert-sapin-v414;337.820156;
6425;457.07099;PAPPRD1200-o-1200-h-1200-aubergine-vl714;457.07099;
6426;457.07099;PAPPRD1200-o-1200-h-1200-bleu-azur-bl314;457.07099;
6427;457.07099;PAPPRD1200-o-1200-h-1200-bleu-canard-bl1984;457.07099;
6428;457.07099;PAPPRD1200-o-1200-h-1200-bleu-cobalt-bl102;457.07099;
6429;457.07099;PAPPRD1200-o-1200-h-1200-bordeaux-r747;457.07099;
6430;457.07099;PAPPRD1200-o-1200-h-1200-chocolat-br350;457.07099;
6431;457.07099;PAPPRD1200-o-1200-h-1200-fuchsia-r615;457.07099;
6432;457.07099;PAPPRD1200-o-1200-h-1200-gris-anthracite-g932;457.07099;
6433;457.07099;PAPPRD1200-o-1200-h-1200-gris-sourie-g587;457.07099;
6434;457.07099;PAPPRD1200-o-1200-h-1200-ivoire-b715;457.07099;
6435;457.07099;PAPPRD1200-o-1200-h-1200-jaune-moutarde-j713;457.07099;
6436;457.07099;PAPPRD1200-o-1200-h-1200-noir;457.07099;
6437;457.07099;PAPPRD1200-o-1200-h-1200-orange-or548;457.07099;
6438;457.07099;PAPPRD1200-o-1200-h-1200-rouge-r701;457.07099;
6439;457.07099;PAPPRD1200-o-1200-h-1200-sable;457.07099;
6440;457.07099;PAPPRD1200-o-1200-h-1200-taupe-g1519;457.07099;
6441;457.07099;PAPPRD1200-o-1200-h-1200-terre-cuite;457.07099;
6442;457.07099;PAPPRD1200-o-1200-h-1200-terre-cuite-vieillie;457.07099;
6443;457.07099;PAPPRD1200-o-1200-h-1200-vert-anis-v1318;457.07099;
6444;457.07099;PAPPRD1200-o-1200-h-1200-vert-olive-v712;457.07099;
6445;457.07099;PAPPRD1200-o-1200-h-1200-vert-sapin-v414;457.07099;
6446;626.828542;PAPPRD1400-o-1410-h-1410-aubergine-vl714;626.828542;
6447;626.828542;PAPPRD1400-o-1410-h-1410-bleu-azur-bl314;626.828542;
6448;626.828542;PAPPRD1400-o-1410-h-1410-bleu-canard-bl1984;626.828542;
6449;626.828542;PAPPRD1400-o-1410-h-1410-bleu-cobalt-bl102;626.828542;
6450;626.828542;PAPPRD1400-o-1410-h-1410-bordeaux-r747;626.828542;
6451;626.828542;PAPPRD1400-o-1410-h-1410-chocolat-br350;626.828542;
6452;626.828542;PAPPRD1400-o-1410-h-1410-fuchsia-r615;626.828542;
6453;626.828542;PAPPRD1400-o-1410-h-1410-gris-anthracite-g932;626.828542;
6454;626.828542;PAPPRD1400-o-1410-h-1410-gris-sourie-g587;626.828542;
6455;626.828542;PAPPRD1400-o-1410-h-1410-ivoire-b715;626.828542;
6456;626.828542;PAPPRD1400-o-1410-h-1410-jaune-moutarde-j713;626.828542;
6457;626.828542;PAPPRD1400-o-1410-h-1410-noir;626.828542;
6458;626.828542;PAPPRD1400-o-1410-h-1410-orange-or548;626.828542;
6459;626.828542;PAPPRD1400-o-1410-h-1410-rouge-r701;626.828542;
6460;626.828542;PAPPRD1400-o-1410-h-1410-sable;626.828542;
6461;626.828542;PAPPRD1400-o-1410-h-1410-taupe-g1519;626.828542;
6462;626.828542;PAPPRD1400-o-1410-h-1410-terre-cuite;626.828542;
6463;626.828542;PAPPRD1400-o-1410-h-1410-terre-cuite-vieillie;626.828542;
6464;626.828542;PAPPRD1400-o-1410-h-1410-vert-anis-v1318;626.828542;
6465;626.828542;PAPPRD1400-o-1410-h-1410-vert-olive-v712;626.828542;
6466;626.828542;PAPPRD1400-o-1410-h-1410-vert-sapin-v414;626.828542;
6467;795.708281;PAPPRD1600-o-1605-h-1615-aubergine-vl714;795.708281;
6468;795.708281;PAPPRD1600-o-1605-h-1615-bleu-azur-bl314;795.708281;
6469;795.708281;PAPPRD1600-o-1605-h-1615-bleu-canard-bl1984;795.708281;
6470;795.708281;PAPPRD1600-o-1605-h-1615-bleu-cobalt-bl102;795.708281;
6471;795.708281;PAPPRD1600-o-1605-h-1615-bordeaux-r747;795.708281;
6472;795.708281;PAPPRD1600-o-1605-h-1615-chocolat-br350;795.708281;
6473;795.708281;PAPPRD1600-o-1605-h-1615-fuchsia-r615;795.708281;
6474;795.708281;PAPPRD1600-o-1605-h-1615-gris-anthracite-g932;795.708281;
6475;795.708281;PAPPRD1600-o-1605-h-1615-gris-sourie-g587;795.708281;
6476;795.708281;PAPPRD1600-o-1605-h-1615-ivoire-b715;795.708281;
6477;795.708281;PAPPRD1600-o-1605-h-1615-jaune-moutarde-j713;795.708281;
6478;795.708281;PAPPRD1600-o-1605-h-1615-noir;795.708281;
6479;795.708281;PAPPRD1600-o-1605-h-1615-orange-or548;795.708281;
6480;795.708281;PAPPRD1600-o-1605-h-1615-rouge-r701;795.708281;
6481;795.708281;PAPPRD1600-o-1605-h-1615-sable;795.708281;
6482;795.708281;PAPPRD1600-o-1605-h-1615-taupe-g1519;795.708281;
6483;795.708281;PAPPRD1600-o-1605-h-1615-terre-cuite;795.708281;
6484;795.708281;PAPPRD1600-o-1605-h-1615-terre-cuite-vieillie;795.708281;
6485;795.708281;PAPPRD1600-o-1605-h-1615-vert-anis-v1318;795.708281;
6486;795.708281;PAPPRD1600-o-1605-h-1615-vert-olive-v712;795.708281;
6487;795.708281;PAPPRD1600-o-1605-h-1615-vert-sapin-v414;795.708281;
6488;188.777656;PAPPRD600-o-610-h-605-aubergine-vl714;188.777656;
6489;188.777656;PAPPRD600-o-610-h-605-bleu-azur-bl314;188.777656;
6490;188.777656;PAPPRD600-o-610-h-605-bleu-canard-bl1984;188.777656;
6491;188.777656;PAPPRD600-o-610-h-605-bleu-cobalt-bl102;188.777656;
6492;188.777656;PAPPRD600-o-610-h-605-bordeaux-r747;188.777656;
6493;188.777656;PAPPRD600-o-610-h-605-chocolat-br350;188.777656;
6494;188.777656;PAPPRD600-o-610-h-605-fuchsia-r615;188.777656;
6495;188.777656;PAPPRD600-o-610-h-605-gris-anthracite-g932;188.777656;
6496;188.777656;PAPPRD600-o-610-h-605-gris-sourie-g587;188.777656;
6497;188.777656;PAPPRD600-o-610-h-605-ivoire-b715;188.777656;
6498;188.777656;PAPPRD600-o-610-h-605-jaune-moutarde-j713;188.777656;
6499;188.777656;PAPPRD600-o-610-h-605-noir;188.777656;
6500;188.777656;PAPPRD600-o-610-h-605-orange-or548;188.777656;
6501;188.777656;PAPPRD600-o-610-h-605-rouge-r701;188.777656;
6502;188.777656;PAPPRD600-o-610-h-605-sable;188.777656;
6503;188.777656;PAPPRD600-o-610-h-605-taupe-g1519;188.777656;
6504;188.777656;PAPPRD600-o-610-h-605-terre-cuite;188.777656;
6505;188.777656;PAPPRD600-o-610-h-605-terre-cuite-vieillie;188.777656;
6506;188.777656;PAPPRD600-o-610-h-605-vert-anis-v1318;188.777656;
6507;188.777656;PAPPRD600-o-610-h-605-vert-olive-v712;188.777656;
6508;188.777656;PAPPRD600-o-610-h-605-vert-sapin-v414;188.777656;
6509;209.616927;PAPPRD800-o-800-h-835-aubergine-vl714;209.616927;
6510;209.616927;PAPPRD800-o-800-h-835-bleu-azur-bl314;209.616927;
6511;209.616927;PAPPRD800-o-800-h-835-bleu-canard-bl1984;209.616927;
6512;209.616927;PAPPRD800-o-800-h-835-bleu-cobalt-bl102;209.616927;
6513;209.616927;PAPPRD800-o-800-h-835-bordeaux-r747;209.616927;
6514;209.616927;PAPPRD800-o-800-h-835-chocolat-br350;209.616927;
6515;209.616927;PAPPRD800-o-800-h-835-fuchsia-r615;209.616927;
6516;209.616927;PAPPRD800-o-800-h-835-gris-anthracite-g932;209.616927;
6517;209.616927;PAPPRD800-o-800-h-835-gris-sourie-g587;209.616927;
6518;209.616927;PAPPRD800-o-800-h-835-ivoire-b715;209.616927;
6519;209.616927;PAPPRD800-o-800-h-835-jaune-moutarde-j713;209.616927;
6520;209.616927;PAPPRD800-o-800-h-835-noir;209.616927;
6521;209.616927;PAPPRD800-o-800-h-835-orange-or548;209.616927;
6522;209.616927;PAPPRD800-o-800-h-835-rouge-r701;209.616927;
6523;209.616927;PAPPRD800-o-800-h-835-sable;209.616927;
6524;209.616927;PAPPRD800-o-800-h-835-taupe-g1519;209.616927;
6525;209.616927;PAPPRD800-o-800-h-835-terre-cuite;209.616927;
6526;209.616927;PAPPRD800-o-800-h-835-terre-cuite-vieillie;209.616927;
6527;209.616927;PAPPRD800-o-800-h-835-vert-anis-v1318;209.616927;
6528;209.616927;PAPPRD800-o-800-h-835-vert-olive-v712;209.616927;
6529;209.616927;PAPPRD800-o-800-h-835-vert-sapin-v414;209.616927;
6530;;PAP-PRD-CORTEN;485.467708||577.569792||777.798958||956.360417||1277.439583||1615.608333;
6531;777.798958;PAP-PRD-1000-CORTEN-o-1000-h-1000;777.798958;
6532;956.360417;PAP-PRD-1200-CORTEN-o-1200-h-1200;956.360417;
6533;1277.439583;PAP-PRD-1400-CORTEN-o-1410-h-1410;1277.439583;
6534;1615.608333;PAP-PRD-1600-CORTEN-o-1605-h-1615;1615.608333;
6535;485.467708;PAP-PRD-600-CORTEN-o-610-h-605;485.467708;
6536;577.569792;PAP-PRD-800-CORTEN-o-800-h-835;577.569792;
6537;;PAPRPOT1/2800;170.895208;
6538;170.895208;PAPRPOT1/2800-o-800-x-390-h-820-aubergine-vl714;170.895208;
6539;170.895208;PAPRPOT1/2800-o-800-x-390-h-820-bleu-azur-bl314;170.895208;
6540;170.895208;PAPRPOT1/2800-o-800-x-390-h-820-bleu-canard-bl1984;170.895208;
6541;170.895208;PAPRPOT1/2800-o-800-x-390-h-820-bleu-cobalt-bl102;170.895208;
6542;170.895208;PAPRPOT1/2800-o-800-x-390-h-820-bordeaux-r747;170.895208;
6543;170.895208;PAPRPOT1/2800-o-800-x-390-h-820-chocolat-br350;170.895208;
6544;170.895208;PAPRPOT1/2800-o-800-x-390-h-820-fuchsia-r615;170.895208;
6545;170.895208;PAPRPOT1/2800-o-800-x-390-h-820-gris-anthracite-g932;170.895208;
6546;170.895208;PAPRPOT1/2800-o-800-x-390-h-820-gris-sourie-g587;170.895208;
6547;170.895208;PAPRPOT1/2800-o-800-x-390-h-820-ivoire-b715;170.895208;
6548;170.895208;PAPRPOT1/2800-o-800-x-390-h-820-jaune-moutarde-j713;170.895208;
6549;170.895208;PAPRPOT1/2800-o-800-x-390-h-820-noir;170.895208;
6550;170.895208;PAPRPOT1/2800-o-800-x-390-h-820-orange-or548;170.895208;
6551;170.895208;PAPRPOT1/2800-o-800-x-390-h-820-rouge-r701;170.895208;
6552;170.895208;PAPRPOT1/2800-o-800-x-390-h-820-sable;170.895208;
6553;170.895208;PAPRPOT1/2800-o-800-x-390-h-820-taupe-g1519;170.895208;
6554;170.895208;PAPRPOT1/2800-o-800-x-390-h-820-terre-cuite;170.895208;
6555;170.895208;PAPRPOT1/2800-o-800-x-390-h-820-terre-cuite-vieillie;170.895208;
6556;170.895208;PAPRPOT1/2800-o-800-x-390-h-820-vert-anis-v1318;170.895208;
6557;170.895208;PAPRPOT1/2800-o-800-x-390-h-820-vert-olive-v712;170.895208;
6558;170.895208;PAPRPOT1/2800-o-800-x-390-h-820-vert-sapin-v414;170.895208;
6559;;PAPRPOT1/4800;149.892083;
6560;149.892083;PAPRPOT1/4800-o-400-x-400-h-820-aubergine-vl714;149.892083;
6561;149.892083;PAPRPOT1/4800-o-400-x-400-h-820-bleu-azur-bl314;149.892083;
6562;149.892083;PAPRPOT1/4800-o-400-x-400-h-820-bleu-canard-bl1984;149.892083;
6563;149.892083;PAPRPOT1/4800-o-400-x-400-h-820-bleu-cobalt-bl102;149.892083;
6564;149.892083;PAPRPOT1/4800-o-400-x-400-h-820-bordeaux-r747;149.892083;
6565;149.892083;PAPRPOT1/4800-o-400-x-400-h-820-chocolat-br350;149.892083;
6566;149.892083;PAPRPOT1/4800-o-400-x-400-h-820-fuchsia-r615;149.892083;
6567;149.892083;PAPRPOT1/4800-o-400-x-400-h-820-gris-anthracite-g932;149.892083;
6568;149.892083;PAPRPOT1/4800-o-400-x-400-h-820-gris-sourie-g587;149.892083;
6569;149.892083;PAPRPOT1/4800-o-400-x-400-h-820-ivoire-b715;149.892083;
6570;149.892083;PAPRPOT1/4800-o-400-x-400-h-820-jaune-moutarde-j713;149.892083;
6571;149.892083;PAPRPOT1/4800-o-400-x-400-h-820-noir;149.892083;
6572;149.892083;PAPRPOT1/4800-o-400-x-400-h-820-orange-or548;149.892083;
6573;149.892083;PAPRPOT1/4800-o-400-x-400-h-820-rouge-r701;149.892083;
6574;149.892083;PAPRPOT1/4800-o-400-x-400-h-820-sable;149.892083;
6575;149.892083;PAPRPOT1/4800-o-400-x-400-h-820-taupe-g1519;149.892083;
6576;149.892083;PAPRPOT1/4800-o-400-x-400-h-820-terre-cuite;149.892083;
6577;149.892083;PAPRPOT1/4800-o-400-x-400-h-820-terre-cuite-vieillie;149.892083;
6578;149.892083;PAPRPOT1/4800-o-400-x-400-h-820-vert-anis-v1318;149.892083;
6579;149.892083;PAPRPOT1/4800-o-400-x-400-h-820-vert-olive-v712;149.892083;
6580;149.892083;PAPRPOT1/4800-o-400-x-400-h-820-vert-sapin-v414;149.892083;
6581;;PAPTABLEOLGAPOUF;155.192708;
6582;155.192708;PAPTABLEOLGAPOUF-aubergine-vl714;155.192708;
6583;155.192708;PAPTABLEOLGAPOUF-bleu-azur-bl314;155.192708;
6584;155.192708;PAPTABLEOLGAPOUF-bleu-canard-bl1984;155.192708;
6585;155.192708;PAPTABLEOLGAPOUF-bleu-cobalt-bl102;155.192708;
6586;155.192708;PAPTABLEOLGAPOUF-bordeaux-r747;155.192708;
6587;155.192708;PAPTABLEOLGAPOUF-chocolat-br350;155.192708;
6588;155.192708;PAPTABLEOLGAPOUF-fuchsia-r615;155.192708;
6589;155.192708;PAPTABLEOLGAPOUF-gris-anthracite-g932;155.192708;
6590;155.192708;PAPTABLEOLGAPOUF-gris-sourie-g587;155.192708;
6591;155.192708;PAPTABLEOLGAPOUF-ivoire-b715;155.192708;
6592;155.192708;PAPTABLEOLGAPOUF-jaune-moutarde-j713;155.192708;
6593;155.192708;PAPTABLEOLGAPOUF-noir;155.192708;
6594;155.192708;PAPTABLEOLGAPOUF-orange-or548;155.192708;
6595;155.192708;PAPTABLEOLGAPOUF-rouge-r701;155.192708;
6596;155.192708;PAPTABLEOLGAPOUF-sable;155.192708;
6597;155.192708;PAPTABLEOLGAPOUF-taupe-g1519;155.192708;
6598;155.192708;PAPTABLEOLGAPOUF-terre-cuite;155.192708;
6599;155.192708;PAPTABLEOLGAPOUF-terre-cuite-vieillie;155.192708;
6600;155.192708;PAPTABLEOLGAPOUF-vert-anis-v1318;155.192708;
6601;155.192708;PAPTABLEOLGAPOUF-vert-olive-v712;155.192708;
6602;155.192708;PAPTABLEOLGAPOUF-vert-sapin-v414;155.192708;
6603;;PAPVASE;203.294792||294.75||403.0375;
6604;294.75;PAPVASE1000-o-1000-h-1000-aubergine-vl714;294.75;
6605;294.75;PAPVASE1000-o-1000-h-1000-bleu-azur-bl314;294.75;
6606;294.75;PAPVASE1000-o-1000-h-1000-bleu-canard-bl1984;294.75;
6607;294.75;PAPVASE1000-o-1000-h-1000-bleu-cobalt-bl102;294.75;
6608;294.75;PAPVASE1000-o-1000-h-1000-bordeaux-r747;294.75;
6609;294.75;PAPVASE1000-o-1000-h-1000-chocolat-br350;294.75;
6610;294.75;PAPVASE1000-o-1000-h-1000-fuchsia-r615;294.75;
6611;294.75;PAPVASE1000-o-1000-h-1000-gris-anthracite-g932;294.75;
6612;294.75;PAPVASE1000-o-1000-h-1000-gris-sourie-g587;294.75;
6613;294.75;PAPVASE1000-o-1000-h-1000-ivoire-b715;294.75;
6614;294.75;PAPVASE1000-o-1000-h-1000-jaune-moutarde-j713;294.75;
6615;294.75;PAPVASE1000-o-1000-h-1000-noir;294.75;
6616;294.75;PAPVASE1000-o-1000-h-1000-orange-or548;294.75;
6617;294.75;PAPVASE1000-o-1000-h-1000-rouge-r701;294.75;
6618;294.75;PAPVASE1000-o-1000-h-1000-sable;294.75;
6619;294.75;PAPVASE1000-o-1000-h-1000-taupe-g1519;294.75;
6620;294.75;PAPVASE1000-o-1000-h-1000-terre-cuite;294.75;
6621;294.75;PAPVASE1000-o-1000-h-1000-terre-cuite-vieillie;294.75;
6622;294.75;PAPVASE1000-o-1000-h-1000-vert-anis-v1318;294.75;
6623;294.75;PAPVASE1000-o-1000-h-1000-vert-olive-v712;294.75;
6624;294.75;PAPVASE1000-o-1000-h-1000-vert-sapin-v414;294.75;
6625;403.0375;PAPVASE1200-o-1200-h-1200-aubergine-vl714;403.0375;
6626;403.0375;PAPVASE1200-o-1200-h-1200-bleu-azur-bl314;403.0375;
6627;403.0375;PAPVASE1200-o-1200-h-1200-bleu-canard-bl1984;403.0375;
6628;403.0375;PAPVASE1200-o-1200-h-1200-bleu-cobalt-bl102;403.0375;
6629;403.0375;PAPVASE1200-o-1200-h-1200-bordeaux-r747;403.0375;
6630;403.0375;PAPVASE1200-o-1200-h-1200-chocolat-br350;403.0375;
6631;403.0375;PAPVASE1200-o-1200-h-1200-fuchsia-r615;403.0375;
6632;403.0375;PAPVASE1200-o-1200-h-1200-gris-anthracite-g932;403.0375;
6633;403.0375;PAPVASE1200-o-1200-h-1200-gris-sourie-g587;403.0375;
6634;403.0375;PAPVASE1200-o-1200-h-1200-ivoire-b715;403.0375;
6635;403.0375;PAPVASE1200-o-1200-h-1200-jaune-moutarde-j713;403.0375;
6636;403.0375;PAPVASE1200-o-1200-h-1200-noir;403.0375;
6637;403.0375;PAPVASE1200-o-1200-h-1200-orange-or548;403.0375;
6638;403.0375;PAPVASE1200-o-1200-h-1200-rouge-r701;403.0375;
6639;403.0375;PAPVASE1200-o-1200-h-1200-sable;403.0375;
6640;403.0375;PAPVASE1200-o-1200-h-1200-taupe-g1519;403.0375;
6641;403.0375;PAPVASE1200-o-1200-h-1200-terre-cuite;403.0375;
6642;403.0375;PAPVASE1200-o-1200-h-1200-terre-cuite-vieillie;403.0375;
6643;403.0375;PAPVASE1200-o-1200-h-1200-vert-anis-v1318;403.0375;
6644;403.0375;PAPVASE1200-o-1200-h-1200-vert-olive-v712;403.0375;
6645;403.0375;PAPVASE1200-o-1200-h-1200-vert-sapin-v414;403.0375;
6646;203.294792;PAPVASE800-o-800-h-800-aubergine-vl714;203.294792;
6647;203.294792;PAPVASE800-o-800-h-800-bleu-azur-bl314;203.294792;
6648;203.294792;PAPVASE800-o-800-h-800-bleu-canard-bl1984;203.294792;
6649;203.294792;PAPVASE800-o-800-h-800-bleu-cobalt-bl102;203.294792;
6650;203.294792;PAPVASE800-o-800-h-800-bordeaux-r747;203.294792;
6651;203.294792;PAPVASE800-o-800-h-800-chocolat-br350;203.294792;
6652;203.294792;PAPVASE800-o-800-h-800-fuchsia-r615;203.294792;
6653;203.294792;PAPVASE800-o-800-h-800-gris-anthracite-g932;203.294792;
6654;203.294792;PAPVASE800-o-800-h-800-gris-sourie-g587;203.294792;
6655;203.294792;PAPVASE800-o-800-h-800-ivoire-b715;203.294792;
6656;203.294792;PAPVASE800-o-800-h-800-jaune-moutarde-j713;203.294792;
6657;203.294792;PAPVASE800-o-800-h-800-noir;203.294792;
6658;203.294792;PAPVASE800-o-800-h-800-orange-or548;203.294792;
6659;203.294792;PAPVASE800-o-800-h-800-rouge-r701;203.294792;
6660;203.294792;PAPVASE800-o-800-h-800-sable;203.294792;
6661;203.294792;PAPVASE800-o-800-h-800-taupe-g1519;203.294792;
6662;203.294792;PAPVASE800-o-800-h-800-terre-cuite;203.294792;
6663;203.294792;PAPVASE800-o-800-h-800-terre-cuite-vieillie;203.294792;
6664;203.294792;PAPVASE800-o-800-h-800-vert-anis-v1318;203.294792;
6665;203.294792;PAPVASE800-o-800-h-800-vert-olive-v712;203.294792;
6666;203.294792;PAPVASE800-o-800-h-800-vert-sapin-v414;203.294792;
6667;9.861;PCMVPMMB50AGRODL.;9.861;99
6668;8.341;PCMVPMMN50AGRODL.;8.341;155
6669;9.861;PCMVPMMR50AGRODL.;9.861;214
6670;98.5875;PENE0050021;98.5875;8
6671;20.9715;PENE0050023;20.9715;30
6672;14.593333;PODEAGRAFEUD3820X20X20;14.593333;611
6673;0.66;RIP620003;0.66;2289
6674;1.155;RIP620242;1.155;472
6675;74.525;ICL42220125;74.525;8
6676;119.075;ICL42350125;119.075;5
6680;115.5;TRACHUMIF20L;115.5;42
6681;6.66;VBARGILE10FLORENTUS;6.66;306
6682;14.88;VBARGILE40FLORENTUS;14.88;94
6683;96.36;VIANLQALG05;96.36;6
6689;;PAPP-OLGA;174.190625||174.393158||270.663683||273.185417;
6695;273.185417;PAPOLG001-adulte-860-x-700-h-700-terre-cuite;273.185417;
6706;174.190625;PAPOLGENFANT-enfant-560-x-480-h-490-vert-anis-v1318;174.190625;
6726;174.190625;PAPOLGENFANT-enfant-560-x-480-h-490-ivoire-b715;174.190625;
6729;270.663683;PAPP-OLGA-adulte-860-x-700-h-700-aubergine-vl714;270.663683;
6730;270.663683;PAPP-OLGA-adulte-860-x-700-h-700-bleu-azur-bl314;270.663683;
6731;270.663683;PAPP-OLGA-adulte-860-x-700-h-700-bleu-canard-bl1984;270.663683;
6732;270.663683;PAPP-OLGA-adulte-860-x-700-h-700-bleu-cobalt-bl102;270.663683;
6733;270.663683;PAPP-OLGA-adulte-860-x-700-h-700-bordeaux-r747;270.663683;
6734;270.663683;PAPP-OLGA-adulte-860-x-700-h-700-chocolat-br350;270.663683;
6735;270.663683;PAPP-OLGA-adulte-860-x-700-h-700-fuchsia-r615;270.663683;
6736;270.663683;PAPP-OLGA-adulte-860-x-700-h-700-gris-anthracite-g932;270.663683;
6737;270.663683;PAPP-OLGA-adulte-860-x-700-h-700-gris-sourie-g587;270.663683;
6738;270.663683;PAPP-OLGA-adulte-860-x-700-h-700-ivoire-b715;270.663683;
6739;270.663683;PAPP-OLGA-adulte-860-x-700-h-700-jaune-moutarde-j713;270.663683;
6740;270.663683;PAPP-OLGA-adulte-860-x-700-h-700-noir;270.663683;
6741;270.663683;PAPP-OLGA-adulte-860-x-700-h-700-orange-or548;270.663683;
6742;270.663683;PAPP-OLGA-adulte-860-x-700-h-700-rouge-r701;270.663683;
6743;270.663683;PAPP-OLGA-adulte-860-x-700-h-700-sable;270.663683;
6744;270.663683;PAPP-OLGA-adulte-860-x-700-h-700-taupe-g1519;270.663683;
6745;270.663683;PAPP-OLGA-adulte-860-x-700-h-700-terre-cuite;270.663683;'-2
6746;270.663683;PAPP-OLGA-adulte-860-x-700-h-700-terre-cuite-vieillie;270.663683;'-2
6747;270.663683;PAPP-OLGA-adulte-860-x-700-h-700-vert-anis-v1318;270.663683;
6748;270.663683;PAPP-OLGA-adulte-860-x-700-h-700-vert-olive-v712;270.663683;
6749;270.663683;PAPP-OLGA-adulte-860-x-700-h-700-vert-sapin-v414;270.663683;
6750;174.393158;PAPP-OLGA-enfant-560-x-480-h-490-aubergine-vl714;174.393158;
6751;174.393158;PAPP-OLGA-enfant-560-x-480-h-490-bleu-azur-bl314;174.393158;
6752;174.393158;PAPP-OLGA-enfant-560-x-480-h-490-bleu-canard-bl1984;174.393158;
6753;174.393158;PAPP-OLGA-enfant-560-x-480-h-490-bleu-cobalt-bl102;174.393158;
6754;174.393158;PAPP-OLGA-enfant-560-x-480-h-490-bordeaux-r747;174.393158;
6755;174.393158;PAPP-OLGA-enfant-560-x-480-h-490-chocolat-br350;174.393158;
6756;174.393158;PAPP-OLGA-enfant-560-x-480-h-490-fuchsia-r615;174.393158;
6757;174.393158;PAPP-OLGA-enfant-560-x-480-h-490-gris-anthracite-g932;174.393158;
6758;174.393158;PAPP-OLGA-enfant-560-x-480-h-490-gris-sourie-g587;174.393158;
6759;174.393158;PAPP-OLGA-enfant-560-x-480-h-490-ivoire-b715;174.393158;
6760;174.393158;PAPP-OLGA-enfant-560-x-480-h-490-jaune-moutarde-j713;174.393158;
6761;174.393158;PAPP-OLGA-enfant-560-x-480-h-490-noir;174.393158;
6762;174.393158;PAPP-OLGA-enfant-560-x-480-h-490-orange-or548;174.393158;
6763;174.393158;PAPP-OLGA-enfant-560-x-480-h-490-rouge-r701;174.393158;
6764;174.393158;PAPP-OLGA-enfant-560-x-480-h-490-sable;174.393158;
6765;174.393158;PAPP-OLGA-enfant-560-x-480-h-490-taupe-g1519;174.393158;
6766;174.393158;PAPP-OLGA-enfant-560-x-480-h-490-terre-cuite;174.393158;
6767;174.393158;PAPP-OLGA-enfant-560-x-480-h-490-terre-cuite-vieillie;174.393158;
6768;174.393158;PAPP-OLGA-enfant-560-x-480-h-490-vert-anis-v1318;174.393158;
6769;174.393158;PAPP-OLGA-enfant-560-x-480-h-490-vert-olive-v712;174.393158;
6770;174.393158;PAPP-OLGA-enfant-560-x-480-h-490-vert-sapin-v414;174.393158;
6799;;PACK-PAPP-OLGA;701.57;
6800;701.57;PAPOLGAPACK-adulte-860-x-700-h-700-aubergine-vl714;701.57;
6801;701.57;PAPOLGAPACK-adulte-860-x-700-h-700-bleu-azur-bl314;701.57;
6802;701.57;PAPOLGAPACK-adulte-860-x-700-h-700-bleu-canard-bl1984;701.57;
6803;701.57;PAPOLGAPACK-adulte-860-x-700-h-700-bleu-cobalt-bl102;701.57;
6804;701.57;PAPOLGAPACK-adulte-860-x-700-h-700-bordeaux-r747;701.57;
6805;701.57;PAPOLGAPACK-adulte-860-x-700-h-700-chocolat-br350;701.57;
6806;701.57;PAPOLGAPACK-adulte-860-x-700-h-700-fuchsia-r615;701.57;
6807;701.57;PAPOLGAPACK-adulte-860-x-700-h-700-gris-anthracite-g932;701.57;
6808;701.57;PAPOLGAPACK-adulte-860-x-700-h-700-gris-sourie-g587;701.57;
6809;701.57;PAPOLGAPACK-adulte-860-x-700-h-700-ivoire-b715;701.57;
6810;701.57;PAPOLGAPACK-adulte-860-x-700-h-700-jaune-moutarde-j713;701.57;
6811;701.57;PAPOLGAPACK-adulte-860-x-700-h-700-noir;701.57;
6812;701.57;PAPOLGAPACK-adulte-860-x-700-h-700-orange-or548;701.57;
6813;701.57;PAPOLGAPACK-adulte-860-x-700-h-700-rouge-r701;701.57;
6814;701.57;PAPOLGAPACK-adulte-860-x-700-h-700-sable;701.57;
6815;701.57;PAPOLGAPACK-adulte-860-x-700-h-700-taupe-g1519;701.57;
6816;701.57;PAPOLGAPACK-adulte-860-x-700-h-700-terre-cuite;701.57;'-1
6817;701.57;PAPOLGAPACK-adulte-860-x-700-h-700-terre-cuite-vieillie;701.57;'-2
6818;701.57;PAPOLGAPACK-adulte-860-x-700-h-700-vert-anis-v1318;701.57;
6819;701.57;PAPOLGAPACK-adulte-860-x-700-h-700-vert-olive-v712;701.57;
6820;701.57;PAPOLGAPACK-adulte-860-x-700-h-700-vert-sapin-v414;701.57;
7467;51.36;DSV347192;51.36;97
7468;41.92;DSV347224;41.92;149
7469;41.6;DSV347349;41.6;790
7470;47.36;DSV347406;47.36;279
7536;63.002;TERRBIO513BR1-2;63.002;150
7537;63.002;TERRBIO513BR2-4;63.002;119
7538;123.794;TERRTRI513BR1-2;123.794;176
7539;111.554;TERRTRI513BR2-4;111.554;59
7733;498.3;EVD146.10;498.3;25
7734;24.878333;EVD3066D;24.878333;20
7735;30.671667;EVD5015;30.671667;92
7736;41.066667;EVD5045;41.066667;68
7737;39.141667;EVD5046;39.141667;110
7738;14.364;EVD5049;14.364;112
7739;24.768333;EVD5050;24.768333;61
7740;31.84;EVD5051;31.84;202
7741;26.216667;EVD5052;26.216667;28
7742;48.48;EVD5055;48.48;8
7743;23.32;EVD5058;23.32;2
7744;54.9;EVD5059;54.9;32
7745;20.203333;EVD5065;20.203333;58
7746;31.5;EVD5066;31.5;97
7747;30.56;EVD5068;30.56;3
7748;42.5;EVD5070;42.5;19
7749;32.7525;EVD6501B5L;32.7525;82
7750;33.18;EVDEAOF125;33.18;218
7751;31.76;EVDEAOF225;31.76;325
7752;5.2;EVDTMBIO1,75;5.2;16
7753;4.98;EVDTMMOE1,75P;4.98;24
7754;7.4;EVDTMTOM1,75P;7.4;
7755;12.83975;F206.01B;12.83975;714
7756;4.125;GPADALLEENG50X50;4.125;420
7757;97.2675;ICL31360120;97.2675;3
7758;99.22;ICL31410125;99.22;6
7759;182.16;ICL31420120;182.16;
7760;84.269;ICL41EN10;84.269;
7761;61.178333;ICL42410125;61.178333;28
7762;61.54;ICL44EN10;61.54;18
7763;85.23;ICLG110018;85.23;39
7764;80.909785;ICLG110021;80.909785;36
7765;59.550909;KOP04450;59.550909;
7766;59.802909;KOP04520;59.802909;
7767;165.418909;KOPFR4281;165.418909;
7768;214.180909;KOPFR4283;214.180909;4
7769;187.216909;KOPFR4284;187.216909;
7770;47.556667;MIVGREENSTAR2058;47.556667;
7771;14.7;NOVMISCANTHUS20KGSAC;14.7;21
7772;70;PABNEUTRAL10L;70;7
7773;861.9375;PAP-MAXIMO-CORTEN;861.9375;
8149;40.48;EVD2302;40.48;655
